External ID;Material / Material;Material / Description;Material / Vendor Ref;Material / Vendor;Material / Unit Cost;Material / Req Quantity;Material / Act_Total_Cost
9475;REL02382;Solid State Relay 1P1T;H12CA4825G;HBCCON;16,76;2;$33,52 
9475;PRB01621;"7/8"" Port Collar";C13272-017-24 Tinnerman;BMA;0,04;2;$0,08 
9475;PRB01583;"Port Sleeve, 7/8""";;PAMPCO;4,44;2;$8,88 
9475;ELS01230;Amber Cap;12-1W3;WESGAR;0,86;3;$2,58 
9475;ELS01228;Clear Cap;12-1W2;WESGAR;0,86;1;$0,86 
9475;PRB03970;"2"" Flange Ring";;BMA;0;2;$0,00 
9475;SLV03096;Shelf Rails - 4 foot lengths;10060-9048;KASONE;6,585;2;$13,17 
9475;ELD03286;Quencharc Resistor, Paktron;104M06QC22;FUTURE;1,3;3;$3,90 
9475;ELE01673;Female Connector, 9 Pin;DB-9S;;0,62;1;$0,62 
9475;ELD03179;Miniblock, Terminal Board;029951722;MERRIM;1,7;8;$13,60 
9475;MTR01089;Motor Mount Wire;0138-75;MIDWES;7,11;1;$7,11 
9475;VAL02028;Valve, CO-2 1000 PSI 120V;8264G9;APPARA;164,72;1;$164,72 
9475;VAL02996;"Pipe Nipple, SS 1/8"" X 2"" L";0464326;FASTEN;2,19;1;$2,19 
9475;VAL03810;"Nipple, 1/4"" X 2""L, LN-2";0464327;FASTEN;2,67;2;$5,34 
9475;FSE01351;Fuse, 3.5A TD 250V ;FLNR-3.5;FIRSTE;3,56;2;$7,12 
9475;PRB01620;"1/2"" Port Collar";C1031SS-014-27 Tinnerman;BMA;0,02;4;$0,08 
9475;REL03943;MOV For Solid State Relay;VZ14D82KBS-T;HBCCON;0,85;2;$1,70 
9475;ELF02958;"Strain Relief for 3/4"" Cord";TB2534;STANDA;5,61;1;$5,61 
9475;FIL03872;CO2 Scrubber Housing Bracket;FIL03872;BMA;0;1;$0,00 
9475;ELD03182;Miniblock End Cap Section;019943920;MERRIM;0,67;2;$1,34 
9475;FSE01317;Fuse 30A TD 250V;FLNR-30;FIRSTE;2,57;2;$5,14 
9475;VAL03953;LN-2, Red Hat Valve;6YEH8 / 8262H114LT 120/60;GRAING;190,99;2;$381,98 
9475;TRS01453;Transformer, 500VA 208V;PT500MGJ;CONTRO;76,18;1;$76,18 
9475;CTL03340;PM High/Low Limit Control;PM6L1EJ-AAAAAAA;WATLOW;132;1;$132,00 
9475;FSE02605;Fuse Holder - Inline;46F3290;NEWARK;1,52;2;$3,04 
9475;REL01408;Contactor 2P 30A 120V Coil;3100-20T6999;WESGAR;7,73;1;$7,73 
9475;HDW01141;Door Strike - Large;HS250-39SCE;NIELSE;3,64;1;$3,64 
9475;VAL02040;Orifice, CO-2 1000 PSI;;BMA;0;1;$0,00 
9475;HDW01129;Door Latch - Large;VHC250-35SCE;NIELSE;25,7;1;$25,70 
9475;FIL02545;CO-2 Scrubber Housing;#8010;SGD;111;1;$111,00 
9475;HDW01118;4 X 4 Riveted Pin Hinge;1514A15;FASTEN;3,1;2;$6,20 
9475;ELS01209;Switch 2P1T;SLA3X100C7;WESGAR;4,18;4;$16,72 
9475;ELW02009;Line Cord, 30A 220V;WS-120  3013.096 ;QUAIL;15,83;1;$15,83 
9475;FIL02546-1;CO-2 Scrubber Cartridge-Each;8010-2;SGD;32;1;$32,00 
9475;REL03944;Blisterpak for Solid State ;101-04GB-D6;D6INDU;0,89;1;$0,89 
9475;FSE01268;Fuse Block, 2P 30A 250V;LH25030-2S;FIRSTE;3,33;4;$13,32 
9475;CTL02520;Controller Single Channel;F4SH-KKA0-01AC;WATLOW;581,84;1;$581,84 
9475;HTR01245;Ceramic Heater - 1000W 240V;;SUMMIT;13,85;5;$69,25 
9475;FSE01281;Fuse, 30A OT 250V;82215;MARS;1,33;2;$2,66 
9475;FBW01022;"Fan Blade, 6-1/2"" SS ";6 1/2 RHB .250-O4 P-19;PMMOTO;26,5;1;$26,50 
9475;FSE01284;Fuse 1A Form 101;A25X1-1;FIRSTE;12,22;1;$12,22 
9475;MTR01001;Motor 6-5/8 Shaft;JB1C080T;ESSEXB;60,15;1;$60,15 
9475;HDW01110;Handle, Door;B8-66, Southco;THOMAS;5,6;1;$5,60 
9475;GSK01157;"3/8"" X 1"" Grey Silicone Sponge";TE41;ATLRUB;1,09;5;$5,45 
9475;PRB01598;"Port Sleeve 2"" OD ";;PAMPCO;1,42;2;$2,84 
9475;PRB01599;"2"" Port Plug";;;1,03;2;$2,06 
9475;VAL02065;Orifice, LN-2;;;0;1;$0,00 
9475;CTL01502;Sensor, 100 OHM Platinum ;S001-0144-0000;WATLOW;10,87;2;$21,74 
9475;FSE02604;Fuse 1A Glass;312-001H;FIRSTE;0,225;2;$0,45 
9475;FSE01311;Fuse, 5A, TD, 250V;FLNR-5;FIRSTE;3;1;$3,00 
9475;PRB01582;"Port Sleeve, 1/2""";;PAMPCO;3,88;4;$15,52 
9476;PRB01620;"1/2"" Port Collar";C1031SS-014-27 Tinnerman;BMA;0,02;1;$0,02 
9476;MTR01001;Motor 6-5/8 Shaft;JB1C080T;ESSEXB;60,15;1;$60,15 
9476;ELW02011;Line Cord, 30A 110V;3005.120S;QUAIL;25,38;1;$25,38 
9476;RES02154;Tank, 6 Gal, Poly-E 14X10X10;6299;USP;50,81;1;$50,81 
9476;RES02154-1;Tank Cover, Poly-E 14X10X10;6349;USP;19,46;1;$19,46 
9476;LGT01231;Light Fixture;LEV10045;OEMSUP;3,65;1;$3,65 
9476;PTF03427;"Ball Valve, 2 Way PVC 3/8""";22194;USP;3,87;1;$3,87 
9476;PTF03428;Adapter, Nylon, Female 3/8X1/2;62141;USP;1,4;1;$1,40 
9476;VAL03906;"Access Valve, 1/4""";A31004;BELLSI;1,805;2;$3,61 
9476;WRH03275;Wire Harness J17-8;;BAYWIR;3,02;1;$3,02 
9476;WRH03297;Wire Harness J22-8;;BAYWIR;8,05;1;$8,05 
9476;ELF02958;"Strain Relief for 3/4"" Cord";SR75-625;CLS;5,61;1;$5,61 
9476;PCB03227;Circuit Board, 110V;;;88,27;1;$88,27 
9476;FSE03186;Glass Fuse .75A;27F655;NEWARK;0,225;2;$0,45 
9476;CIB03248;Circuit Breaker 15 Amp, 250VAC;MX41-150-B-1-G-2-B;TRIMAX;2,3;2;$4,60 
9476;FCL01912;Evaporator 1/3 HP, 8 X 11;7009;HEATCR;28,94;1;$28,94 
9476;VAL01719;Solenoid Valve;XUP;SPORLA;30,96;2;$61,92 
9476;VAL01721;Solenoid Coil 120V;OMKC-1 ;SPORLA;10,06;2;$20,12 
9476;DRY01741;Filter Drier;C-032-S;SPORLA;6,04;1;$6,04 
9476;ELS01230;Amber Cap;12-1W3;WESGAR;0,86;1;$0,86 
9476;ELS01209;Switch 2P1T;SLA3X100C7;WESGAR;4,18;3;$12,54 
9476;HUM01528;Pump, Condensate;2P351;FASTEN;53,68;1;$53,68 
9476;HUM01562;Demineralizer Bracket ;3C120004 Bracket;USFILT;66,64;1;$66,64 
9476;WRH03294;Wire Harness J20-8;;BAYWIR;6,08;1;$6,08 
9476;WRH03292;Wire Harness J8-8;;BAYWIR;9,4;1;$9,40 
9476;WRH03289;Wire Harness J2-8;;BAYWIR;7,8;1;$7,80 
9476;LGT03018;Light Bulb, 60W 130V Tubular;60T10, Westinghouse;MCCART;0,7;1;$0,70 
9476;WIN01170;"Window 13"" X 13""";;JERSEY;39,15;1;$39,15 
9476;CMP02175;ECL -20 Condensing Unit;M4FF-0056-IAA-214;COPELA;409,01;1;$409,01 
9476;GSK01157;"3/8"" X 1"" Grey Silicone Sponge";TE41;ATLRUB;1,09;9;$9,81 
9476;SLV02899;Shelf Clips, Stainless Steel;66;KASONE;0,835;4;$3,34 
9476;SLV02896;"Shelf 23-1/2"" X 23-1/2""";;MIDWES;48,2;1;$48,20 
9476;HUM01534;Ion Exchange Cartridge;3C0600003 ;USFILT;43,05;1;$43,05 
9476;CAP01837-10;Cap Tubing .031, 10';;;0;1;$0,00 
9476;CAP01839-8;Cap Tubing .042, 8';;;0;1;$0,00 
9476;CTL02519;Controller - Two Channel;F4DH-KKKK-01AC;WATLOW;704,48;1;$704,48 
9476;HTR03936;Ceramic Heaters, 500W 120V;;SUMMIT;13,9;2;$27,80 
9476;HUM01542;Steam Generator;;BMA;0;1;$0,00 
9476;PRS03910;Pressure Control, NC, 400 PSI;YK-01H 400-400U300P;CHANGZHOU;2,7;1;$2,70 
9476;PTF03426;Tee, Nylon 3/8X3/8;61047;USP;1,77;1;$1,77 
9476;WRH03295;Wire Harness J21-8;;BAYWIR;7,34;1;$7,34 
9476;WRH03281;Wire Harness J23-8;;BAYWIR;25,52;1;$25,52 
9476;ELD03286;Quencharc Resistor, Paktron;104M06QC22;FUTURE;1,3;2;$2,60 
9476;WRH03290;Wire Harness J3-8;;BAYWIR;14,97;1;$14,97 
9476;ELS01228;Clear Cap;12-1W2;WESGAR;0,86;2;$1,72 
9476;ELE04022;USB Extension Cable;51T9351;NEWARK;0;1;$0,00 
9476;CTL03939;USB to RS232 Converter;232USB9M;OEMSUP;69;1;$69,00 
9476;SLV03096;Shelf Rails - 4 foot lengths;"#60, SS, 48"" Shelf Pilasters";BMA;6,585;2;$13,17 
9476;FBW01014;"Fan Blade 6"" Diameter";4C470;GRAING;3,55;1;$3,55 
9476;ELD01363;Jumper;28K2176;NEWARK;0,675;2;$1,35 
9476;REL03256;Relay, Crydom;EZ240A18;HBCCON;17,43;2;$34,86 
9476;CIB03250;Circuit Breaker 8 Amp, 250 VAC;MX41-080-B-1-A-4-B;TRIMAX;2,3;2;$4,60 
9476;HUM01540;Float Valve Assembly;107-2241;ROBERT;26;1;$26,00 
9476;PRB01621;"7/8"" Port Collar";C13272-017-24 Tinnerman;BMA;0,04;2;$0,08 
9476;HDW01106;Latch for ECL;1337A31;MCMAST;20,55;1;$20,55 
9476;ELC03377;Receptacle, Duplex 15A 125V;5262;STANDA;3,01;1;$3,01 
9476;ELC03726;Power Supply 24VDC;PS1-25W-24;CIRCUI;10,5;1;$10,50 
9476;PRB01627;"Locking Ring 2""";WS-206-S02;SMALLE;1,22;1;$1,22 
9476;PRB01598;"Port Sleeve 2"" OD ";;PAMPCO;1,42;1;$1,42 
9476;HDW01118;4 X 4 Riveted Pin Hinge;8080ZN;ABBOTT;3,1;2;$6,20 
9476;PRB01582;"Port Sleeve, 1/2""";;PAMPCO;3,88;1;$3,88 
9476;HTR01251;Heater, Humidity 600W 120V;L4AX400A;WATLOW;42,56;1;$42,56 
9476;CTL02161;Failsafe Control;5300-02C;UNILIN;29,63;1;$29,63 
9476;CTL01502;Sensor, 100 OHM Platinum ;S001-0144-0000;WATLOW;10,87;1;$10,87 
9476;CTL03378;RH Sensor for LH-1.5;RHU-R008;DWYER;161,2;1;$161,20 
9476;MSC02703;Heating Wire;H611 or H311;;3,25;8;$26,00 
9476;ELE01673;Female Connector, 9 Pin;DB-9S;;0,62;1;$0,62 
9476;CTL01828;Limit Switch, Automatic;SE-L210;SELCO;4;1;$4,00 
9476;CTL01829;Limit Switch, Manual;SE-L240M;SELCO;4,25;1;$4,25 
9476;PRB01583;"Port Sleeve, 7/8""";;PAMPCO;4,44;2;$8,88 
9476;FSE02604;Fuse 1A Glass;312-001H;FIRSTE;0,225;2;$0,45 
9476;CAS02140;Leveling Glide Legs;2515T17;MCMAST;7,06;0,5;$3,53 
9476;PRB01599;"2"" Port Plug";;;1,03;1;$1,03 
9476;CIB03158;Circuit Breaker 25A 125/250VAC;LB250211100;TRIMAX;2,8;1;$2,80 
9477;CTL01829;Limit Switch, Manual;SE-L240M;SELCO;4,25;1;$4,25 
9477;PRB01583;"Port Sleeve, 7/8""";;PAMPCO;4,44;2;$8,88 
9477;FSE02604;Fuse 1A Glass;312-001H;FIRSTE;0,225;2;$0,45 
9477;CAS02140;Leveling Glide Legs;2515T17;MCMAST;7,06;0,5;$3,53 
9477;PRB01599;"2"" Port Plug";;;1,03;1;$1,03 
9477;CIB03158;Circuit Breaker 25A 125/250VAC;LB250211100;TRIMAX;2,8;1;$2,80 
9477;WRH03295;Wire Harness J21-8;;BAYWIR;7,34;1;$7,34 
9477;WRH03281;Wire Harness J23-8;;BAYWIR;25,52;1;$25,52 
9477;PRB01620;"1/2"" Port Collar";C1031SS-014-27 Tinnerman;BMA;0,02;1;$0,02 
9477;CTL03378;RH Sensor for LH-1.5;RHU-R008;DWYER;161,2;1;$161,20 
9477;MSC02703;Heating Wire;H611 or H311;;3,25;8;$26,00 
9477;ELE01673;Female Connector, 9 Pin;DB-9S;;0,62;1;$0,62 
9477;ELD03286;Quencharc Resistor, Paktron;104M06QC22;FUTURE;1,3;2;$2,60 
9477;ELE04022;USB Extension Cable;51T9351;NEWARK;0;1;$0,00 
9477;CTL03939;USB to RS232 Converter;232USB9M;OEMSUP;69;1;$69,00 
9477;PRS03910;Pressure Control, NC, 400 PSI;YK-01H 400-400U300P;CHANGZHOU;2,7;1;$2,70 
9477;PTF03426;Tee, Nylon 3/8X3/8;61047;USP;1,77;1;$1,77 
9477;PTF03427;"Ball Valve, 2 Way PVC 3/8""";22194;USP;3,87;1;$3,87 
9477;PTF03428;Adapter, Nylon, Female 3/8X1/2;62141;USP;1,4;1;$1,40 
9477;VAL03906;"Access Valve, 1/4""";A31004;BELLSI;1,805;2;$3,61 
9477;WRH03290;Wire Harness J3-8;;BAYWIR;14,97;1;$14,97 
9477;ELS01228;Clear Cap;12-1W2;WESGAR;0,86;2;$1,72 
9477;HDW01106;Latch for ECL;1337A31;MCMAST;20,55;1;$20,55 
9477;ELF02958;"Strain Relief for 3/4"" Cord";SR75-625;CLS;5,61;1;$5,61 
9477;PCB03227;Circuit Board, 110V;;;88,27;1;$88,27 
9477;FSE03186;Glass Fuse .75A;27F655;NEWARK;0,225;2;$0,45 
9477;CIB03248;Circuit Breaker 15 Amp, 250VAC;MX41-150-B-1-G-2-B;TRIMAX;2,3;2;$4,60 
9477;FCL01912;Evaporator 1/3 HP, 8 X 11;7009;HEATCR;28,94;1;$28,94 
9477;VAL01719;Solenoid Valve;XUP;SPORLA;30,96;2;$61,92 
9477;VAL01721;Solenoid Coil 120V;OMKC-1 ;SPORLA;10,06;2;$20,12 
9477;DRY01741;Filter Drier;C-032-S;SPORLA;6,04;1;$6,04 
9477;ELS01230;Amber Cap;12-1W3;WESGAR;0,86;1;$0,86 
9477;SLV03096;Shelf Rails - 4 foot lengths;"#60, SS, 48"" Shelf Pilasters";BMA;6,585;2;$13,17 
9477;FBW01014;"Fan Blade 6"" Diameter";4C470;GRAING;3,55;1;$3,55 
9477;ELD01363;Jumper;28K2176;NEWARK;0,675;2;$1,35 
9477;REL03256;Relay, Crydom;EZ240A18;HBCCON;17,43;2;$34,86 
9477;CIB03250;Circuit Breaker 8 Amp, 250 VAC;MX41-080-B-1-A-4-B;TRIMAX;2,3;2;$4,60 
9477;HUM01540;Float Valve Assembly;107-2241;ROBERT;26;1;$26,00 
9477;PRB01621;"7/8"" Port Collar";C13272-017-24 Tinnerman;BMA;0,04;2;$0,08 
9477;CTL01828;Limit Switch, Automatic;SE-L210;SELCO;4;1;$4,00 
9477;GSK01157;"3/8"" X 1"" Grey Silicone Sponge";TE41;ATLRUB;1,09;9;$9,81 
9477;SLV02899;Shelf Clips, Stainless Steel;66;KASONE;0,835;4;$3,34 
9477;SLV02896;"Shelf 23-1/2"" X 23-1/2""";;MIDWES;48,2;1;$48,20 
9477;HUM01534;Ion Exchange Cartridge;3C0600003 ;USFILT;43,05;1;$43,05 
9477;CAP01837-10;Cap Tubing .031, 10';;;0;1;$0,00 
9477;CAP01839-8;Cap Tubing .042, 8';;;0;1;$0,00 
9477;CTL02519;Controller - Two Channel;F4DH-KKKK-01AC;WATLOW;704,48;1;$704,48 
9477;HTR03936;Ceramic Heaters, 500W 120V;;SUMMIT;13,9;2;$27,80 
9477;HUM01542;Steam Generator;;BMA;0;1;$0,00 
9477;MTR01001;Motor 6-5/8 Shaft;JB1C080T;ESSEXB;60,15;1;$60,15 
9477;ELW02011;Line Cord, 30A 110V;3005.120S;QUAIL;25,38;1;$25,38 
9477;PRB01627;"Locking Ring 2""";WS-206-S02;SMALLE;1,22;1;$1,22 
9477;PRB01598;"Port Sleeve 2"" OD ";;PAMPCO;1,42;1;$1,42 
9477;HDW01118;4 X 4 Riveted Pin Hinge;8080ZN;ABBOTT;3,1;2;$6,20 
9477;PRB01582;"Port Sleeve, 1/2""";;PAMPCO;3,88;1;$3,88 
9477;WRH03275;Wire Harness J17-8;;BAYWIR;3,02;1;$3,02 
9477;WRH03297;Wire Harness J22-8;;BAYWIR;8,05;1;$8,05 
9477;ELC03377;Receptacle, Duplex 15A 125V;5262;STANDA;3,01;1;$3,01 
9477;ELC03726;Power Supply 24VDC;PS1-25W-24;CIRCUI;10,5;1;$10,50 
9477;WRH03294;Wire Harness J20-8;;BAYWIR;6,08;1;$6,08 
9477;WRH03292;Wire Harness J8-8;;BAYWIR;9,4;1;$9,40 
9477;WRH03289;Wire Harness J2-8;;BAYWIR;7,8;1;$7,80 
9477;HTR01251;Heater, Humidity 600W 120V;L4AX400A;WATLOW;42,56;1;$42,56 
9477;CTL02161;Failsafe Control;5300-02C;UNILIN;29,63;1;$29,63 
9477;CTL01502;Sensor, 100 OHM Platinum ;S001-0144-0000;WATLOW;10,87;1;$10,87 
9477;RES02154;Tank, 6 Gal, Poly-E 14X10X10;6299;USP;50,81;1;$50,81 
9477;ELS01209;Switch 2P1T;SLA3X100C7;WESGAR;4,18;3;$12,54 
9477;HUM01528;Pump, Condensate;2P351;FASTEN;53,68;1;$53,68 
9477;HUM01562;Demineralizer Bracket ;3C120004 Bracket;USFILT;66,64;1;$66,64 
9477;RES02154-1;Tank Cover, Poly-E 14X10X10;6349;USP;19,46;1;$19,46 
9477;LGT01231;Light Fixture;LEV10045;OEMSUP;3,65;1;$3,65 
9477;LGT03018;Light Bulb, 60W 130V Tubular;60T10, Westinghouse;MCCART;0,7;1;$0,70 
9477;WIN01170;"Window 13"" X 13""";;JERSEY;39,15;1;$39,15 
9477;CMP02175;ECL -20 Condensing Unit;M4FF-0056-IAA-214;COPELA;409,01;1;$409,01 
9478;DRY01732;Drier, Filter;401023 / C-164-S;SPORLA;11,15;2;$22,30 
9478;TXV02627;Expansion Valve;145294 / SEE-3-GP;SPORLA;54,34;1;$54,34 
9478;VAL01570;Solenoid Valve;3829-00 / XRN-1;SPORLA;42,1;2;$84,20 
9478;VAL01722;Coil, Solenoid 120V;312783 / OMKC-2;SPORLA;11,63;2;$23,26 
9478;SGL01183;"Sight Glass, 1/2""";700299 / SA-14S;SPORLA;8,83;1;$8,83 
9478;VAL01956;"Valve, Hot Gas, 0/30, 5/8""";903553 / ADRHE-6 0/30 5 ODF;SPORLA;110,89;2;$221,78 
9478;VAL01815;"Valve, Ball 1/2""";502033 / EBV-1040;SPORLA;14,58;1;$14,58 
9478;CAP03999;Strainer;054443-01;SPORLA;2,75;1;$2,75 
9478;VAL01816;"Ball Valve, 5/8""";502035 / EBV-1050;SPORLA;15,81;1;$15,81 
9478;VAL02813;Valve, Packless Shut Off;A14838;BELLSI;39,45666667;3;$118,37 
9478;ELD03179;Miniblock, Terminal Board;029951722;MERRIM;1,7;6;$10,20 
9478;ELD03181;Miniblock End Section,;019943716;MERRIM;0,53;1;$0,53 
9478;ELD03182;Miniblock End Cap Section;019943920;MERRIM;0,67;1;$0,67 
9478;ELS01228;Clear Cap;12-1W2;WESGAR;0,86;2;$1,72 
9478;MTR03048;Potentiometer;202-0003;MINARI;0;1;$0,00 
9478;MTR03927;AC Drive Motor 230V 3PH;SF250;MINARI;0;1;$0,00 
9478;CTL01506;Temperature Switch;1A003;GRAING;66,48;1;$66,48 
9478;ELS01215;Air Proving Switch;2E462;GRAING;34,67;1;$34,67 
9478;FBW02937;"Fan Blade, 10""";4WT44;GRAING;94,29;2;$188,58 
9478;REL02341;Contactor 3P, 60A;60206 / 61471;MARS;110,3;2;$220,60 
9478;FBW02938;"Fan Guard, 10""";4YD82;GRAING;13,57;2;$27,14 
9478;FBW03203;Axial Fan Cordset;3RP14;GRAING;13,06;2;$26,12 
9478;FSE01262;Fuse Block, 60A 3P 250V;LF-LH25060-3C / 2A592;OEMSUP;37,1;2;$74,20 
9478;DRY03260;Air Dryer;KMT-6;DOMNIC;2576,4;1;$2 576,40 
9478;CTL03369;Sensor, Oxygen;Q0911008;PROCHE;900;1;$900,00 
9478;TRS02798;Transformer, 1.5 KVA;411-0081-000;STANDA;143,43;1;$143,43 
9478;BALLY ROOM;Walk-In Room;;;8221;1;$8 221,00 
9478;FSE01313;Fuse, 10A TD 250V;FLNR-10;FIRSTE;3,2;1;$3,20 
9478;HTR01245;Ceramic Heater - 1000W 240V;;SUMMIT;13,87;12;$166,44 
9478;HTR01248;Heater, Humidity 1500W 240V;L8A37-BG12;WATLOW;62,264;5;$311,32 
9478;HTR01253;Heater, Crankcase;918-0009-00;COPELA;36,64;1;$36,64 
9478;PRB01582;"Port Sleeve, 1/2""";;PAMPCO;3,88;1;$3,88 
9478;PRB01583;"Port Sleeve, 7/8""";;PAMPCO;4,44;1;$4,44 
9478;PRB01620;"1/2"" Port Collar";C1031SS-014-27 Tinnerman;BMA;0,02;1;$0,02 
9478;PRB01621;"7/8"" Port Collar";C13272-017-24 Tinnerman;BMA;0,04;1;$0,04 
9478;PRS01822;Pressure Switch;P20EB-2D;JOHNSO;32,13;1;$32,13 
9478;VIB02130;"Vibration Eliminator, 1-1/8""";VAB9SS;SPORLA;20,74;2;$41,48 
9478;VIB02131;"Vibration Eliminator 1-3/8""";VAB11SS;SPORLA;28,81;2;$57,62 
9478;REC02729;Receiver;UR-48;STAREF;260;1;$260,00 
9478;CMP02148;Head Cooling Fan, 230V;998-0550-00;COPELA;199,91;2;$399,82 
9478;CMP01665;Fan Mounting Kit;998-0574-08;COPELA;43,51;2;$87,02 
9478;CMP02592;Compressor;3DS3F46KE-TFC-C00;COPELA;2917,9;2;$5 835,80 
9478;HTX03314;Heat Exchanger;B3-027-74;HTGINC;332;1;$332,00 
9478;SEP02126;Oil Separator;905;TEMPRI;125,77;2;$251,54 
9478;FSE01320;Fuse, 60A TD 250V;TR60R;STANDA;6,086666667;6;$36,52 
9478;HUM01534;Ion Exchange Cartridge;3C0600003 ;USFILT;43,05;1;$43,05 
9478;HUM01562;Demineralizer Bracket ;3C120004 Bracket;USFILT;66,64;1;$66,64 
9478;HUM01540;Float Valve Assembly;107-2241;ROBERT;26;1;$26,00 
9478;VAL03195;"1/2"" Check Valve";6VDT3;GRAING;5,76;1;$5,76 
9478;FSE03148;Heat Fuse, WUV;;;0;6;$0,00 
9478;REL03943;MOV For Solid State Relay;VZ14D82KBS-T;HBCCON;0,85;9;$7,65 
9478;REL03944;Blisterpak for Solid State ;101-04GB-D6;D6INDU;0,89;4;$3,56 
9478;FSE01310;Fuse, 4A TD 250V;FLNR-4;FIRSTE;3,38;2;$6,76 
9478;FBW01041;"Blower Wheel, SS, 7-11/16"" ";4F076835042LF;JANAIR;53,25;3;$159,75 
9478;FCL02628;Evaporator 5 HP, B30-5697;D8E123-12.5X31.25;SNOWMA;266,69;1;$266,69 
9478;FCL02695;3HP Evaporator, B30-5394;D8E121-12.5X31.25;SNOWMA;304,77;1;$304,77 
9478;FCL03143;Desuperheating Coil;B30-8533;SUPERR;129,77;2;$259,54 
9478;FSE01268;Fuse Block, 2P 30A 250V;LF-LH25030-2S;OEMSUP;3,33;9;$29,97 
9478;FSE01276;Fuse, 5A OT 250V ;;;1,94;1;$1,94 
9478;FSE01280;Fuse, 25A OT 250V;82214;;0,893333333;9;$8,04 
9478;FSE01284;Fuse 1A Form 101;A25X1-1;FIRSTE;12,22;2;$24,44 
9478;ELS01209;Switch 2P1T;SLA3X100C7;WESGAR;4,18;7;$29,26 
9478;ELS01230;Amber Cap;12-1W3;WESGAR;0,86;5;$4,30 
9478;FSE01314;15A TD 250V Fuses;FLNR-15;FIRSTE;2,57;3;$7,71 
9478;FSE02604;Fuse 1A Glass;27F656;NEWARK;0,223333333;3;$0,67 
9478;FSE02605;Fuse Holder - Inline;63K9349;NEWARK;1,52;3;$4,56 
9478;REL01403;Contactor 30A 3P;NCK3-30-40/3;DISCON;7,15;4;$28,60 
9478;PRB01598;"Port Sleeve 2"" OD ";;PAMPCO;1,42;3;$4,26 
9478;REL01400;Relay SSR, DC, 1P1T;RSSDN-10A;CONTRO;14;1;$14,00 
9478;CTL02434;Sensor, Humidity 4-20mA;H293D2-02P1-W;ROTRON;300;1;$300,00 
9478;PRS02332;Pressure Control, Dual;P70MA-1C;JOHNSO;84,93;2;$169,86 
9478;REC02559;Expansion Tank, Large;2795;REFRIG;47,54;4;$190,16 
9478;REL02832;Off Delay Timer;TGML10300SC1H;AIROTRONIC;16,29;1;$16,29 
9478;VAL01706;Pressure Relief Valve ;AH15512 400 PSI;BELLSI;45,93;2;$91,86 
9478;VAL01719;Solenoid Valve;3877-00 / XUP-1;SPORLA;30,96;1;$30,96 
9478;VAL01721;Solenoid Coil 120V;311100 / OMKC-1 ;SPORLA;10,06;1;$10,06 
9478;ELE01673;Female Connector, 9 Pin;DB-9S;;0,62;1;$0,62 
9478;REL02382;Solid State Relay 1P1T;H12CA4825G with MOV's;HBCCON;16,76;9;$150,84 
9478;MTR03051;Motor, 240/480V, 3PH;W2192-3;MACMOT;364,16;3;$1 092,48 
9478;CTL03338;PM Controller;PM6C1KK-AAAAAAA;WATLOW;71;1;$71,00 
9478;INS02078;Sound Insulation;9710T44;MCMAST;11,58;6;$69,48 
9478;VAL03315;"1/2"" Check Valve";Henry #116004 or Equiv.;BELLSI;48,65;1;$48,65 
9478;HDW01149;Latch, Adjustable Grip;E3-17-15 Southco;;11,06;6;$66,36 
9478;TXV01788;Valve, Expansion;144241 / SR-1/2-L3 ;SPORLA;45,52;1;$45,52 
9478;TXV02073;Expansion Valve;141941 / SRE-6-ZP ;SPORLA;48,48;1;$48,48 
9478;TXV01784;Expansion Valve;135389 / SF-1-C ;SPORLA;43,76;1;$43,76 
9478;DIS01804;Auxiliary Connector;206832 / ASC-5-4;SPORLA;15,09;1;$15,09 
9478;FSE01343;Heat Fuses, WWG;;;32;3;$96,00 
9478;PTF01869-4;Cap. Tube 1/4 X 4';;;0;1;$0,00 
9478;CTL01828;Limit Switch, Automatic;SE-L210;SELCO;4;5;$20,00 
9478;CTL01829;Limit Switch, Manual;SE-L240M;SELCO;4,25;5;$21,25 
9478;CAP01851-6;Cap. Tubing, .075 X 6';;;0;1;$0,00 
9478;ELD04040;Copper Ground Lug;;;0;1;$0,00 
9478;CTL01502;Sensor, 100 OHM Platinum ;223-11317-01;QUANTE;10,87;2;$21,74 
9478;CTL03110;Type T Thermocouple;223-15070-03;QUANTE;7,49;1;$7,49 
9478;CTL02519;Controller - Two Channel;F4DH-KKKK-01AC;WATLOW;704,48;1;$704,48 
9478;ELD01799;Distribution Block, 3P;5A672;GRAING;41,99;1;$41,99 
9478;VAL01708;"Solenoid Valve, 1/4""";1A575;GRAING;30,59;1;$30,59 
9478;VAL01709;Solenoid Coil, 120V  ;6X543;GRAING;28,41;1;$28,41 
9478;LGT02155;Light Fixture, Vapor Proof;3RB17;GRAING;49,99;4;$199,96 
9478;CMP04039;Condensing Unit, 208-230/3/60;KDS007EA2B12A1A;KRAMER;0;1;$0,00 
9478;ACU01754;Accumulator;3706;REFRIG;71,44;1;$71,44 
9478;PRB04038;Breather Vent;1EJT9;GRAING;5,72;1;$5,72 
9478;REL01397;Relay 2P2T;JQX-13FD AC 110V;DISCON;3,25;2;$6,50 
9478;BUZ01095;Sonalert, Mallory SC110;64F303;NEWARK;30,59;1;$30,59 
9478;CTL03340;PM High/Low Limit Control;PM6L1EJ-AAAAAAA;WATLOW;132;1;$132,00 
9478;TRS02373;Transformer, 24 VA;50362;MARS;10,54;1;$10,54 
9478;REL01422;On Delay Timer;THC1060SC;AIROTRONIC;13,22;2;$26,44 
9478;PTF03426;Tee, Nylon 3/8X3/8;61047;USP;1,77;1;$1,77 
9478;PTF03427;"Ball Valve, 2 Way PVC 3/8""";22194;USP;3,87;1;$3,87 
9478;PTF03428;Adapter, Nylon, Female 3/8X1/2;62141;USP;1,4;1;$1,40 
9478;VAL03969;"Sweat Ball Valve 5/8"" OD";94116, Watts #FBVS-3C;BELLSI;4,42;1;$4,42 
9479;CTL02160-1;"Type J Thermocouple, 72""";223-15070-02;QUANTE;8,08;1;$8,08 
9479;PRB01620;"1/2"" Port Collar";C1031SS-014-27 Tinnerman;BMA;0,02;2;$0,04 
9479;PCB03226;Circuit Board, 220V;;;95,59;1;$95,59 
9479;PTF03426;Tee, Nylon 3/8X3/8;61047;USP;1,77;1;$1,77 
9479;PTF03427;"Ball Valve, 2 Way PVC 3/8""";22194;USP;3,87;1;$3,87 
9479;PTF03428;Adapter, Nylon, Female 3/8X1/2;62141;USP;1,4;1;$1,40 
9479;PRS03910;Pressure Control, NC, 400 PSI;YK-01H 400-400U300P;CHANGZHOU;2,7;1;$2,70 
9479;TRS03258;Transformer, 24VAC;AHI02524;WESGAR;2,19;1;$2,19 
9479;CAS02140;Leveling Glide Legs;2515T17;MCMAST;7,06;0,5;$3,53 
9479;REL03257;Relay, Event ;D2W203F;HBCCON;11,72;1;$11,72 
9479;WRH03382;Wire Harness J10-8;;BAYWIR;6,8;1;$6,80 
9479;MSC03238;Flow Control, Bimba;FQPS44K;AIRINC;14,84;1;$14,84 
9479;VAL01709;Solenoid Coil, 120V  see note;6X543;GRAING;28,41;1;$28,41 
9479;VAL01719;Solenoid Valve;XUP;SPORLA;30,96;3;$92,88 
9479;VAL01721;Solenoid Coil 120V;OMKC-1 ;SPORLA;10,06;3;$30,18 
9479;TRS01447;Transformer, 500VA 220V;PT500MQMJ;FIRSTE;71,36;1;$71,36 
9479;WIN01168;"Window 9"" X 9""";;JERSEY;43,2;1;$43,20 
9479;ELE01673;Female Connector, 9 Pin;DB-9S;;0,62;1;$0,62 
9479;WRH03297;Wire Harness J22-8;;BAYWIR;8,05;1;$8,05 
9479;ELS01228;Clear Cap;12-1W2;WESGAR;0,86;2;$1,72 
9479;WRH03292;Wire Harness J8-8;;BAYWIR;9,4;1;$9,40 
9479;LGT03018;Light Bulb, 60W 130V Tubular;60T10, Westinghouse;MCCART;0,7;1;$0,70 
9479;HDW01110;Handle, Door;B8-66, Southco;THOMAS;5,6;1;$5,60 
9479;WRH03274;Wire Harness J14-4;;BAYWIR;4,25;1;$4,25 
9479;WRH03276;Wire Harness J18-4;;BAYWIR;5,3;1;$5,30 
9479;CAP01839-6;.042 Capillary Tubing X 6';;;0;1;$0,00 
9479;CAP01839-9;.042 Capillary Tubing X 9';;;0;1;$0,00 
9479;CAP01837-9;.031 Capillary Tubing X 9';;;0;1;$0,00 
9479;HDW01129;Door Latch - Large;VHC250-35SCE;NIELSE;25,7;1;$25,70 
9479;HDW01141;Door Strike - Large;HS250-39SCE;NIELSE;3,64;1;$3,64 
9479;GSK01157;"3/8"" X 1"" Grey Silicone Sponge";TE41;ATLRUB;1,09;10;$10,90 
9479;FBW01014;"Fan Blade 6"" Diameter";4C470;GRAING;3,55;1;$3,55 
9479;FBW02662;"Fan Blade Condenser, 12""";6-0148 T1203-22 R .3125 DMSN;REVCOR;13,87;1;$13,87 
9479;HDW01118;4 X 4 Riveted Pin Hinge;1514A15;MCMAST;3,1;2;$6,20 
9479;HUM01540;Float Valve Assembly;107-2241;ROBERT;26;1;$26,00 
9479;FCL02663;Condenser 12 X 12.25;7013 Rev. B;HEATCR;106,18;1;$106,18 
9479;PRB01583;"Port Sleeve, 7/8""";;PAMPCO;4,44;1;$4,44 
9479;PRB01621;"7/8"" Port Collar";C13272-017-24 Tinnerman;BMA;0,04;1;$0,04 
9479;PRB03760;"Port Weld Ring, 2""";Stock item Drawing Number:  ;BMA;0;1;$0,00 
9479;PRB01598;"Port Sleeve 2"" OD ";;PAMPCO;1,42;1;$1,42 
9479;FSE02604;Fuse 1A Glass;312-001H;FIRSTE;0,223333333;3;$0,67 
9479;FSE01342;Heat Fuse, WUE;WUE;BEYOND;16,88;2;$33,76 
9479;CTL01828;Limit Switch, Automatic;SE-L210;SELCO;4;1;$4,00 
9479;CTL01502;Sensor, 100 OHM Platinum ;S001-0144-0000;WATLOW;10,87;1;$10,87 
9479;WRH03290;Wire Harness J3-8;;BAYWIR;14,97;1;$14,97 
9479;WRH03289;Wire Harness J2-8;;BAYWIR;7,8;1;$7,80 
9479;WRH03294;Wire Harness J20-8;;BAYWIR;6,08;1;$6,08 
9479;MTR02661;Motor Condenser;JB2P074N;ESSEXB;47,31;1;$47,31 
9479;CTL01829;Limit Switch, Manual;SE-L240M;SELCO;4,25;1;$4,25 
9479;LGT01231;Light Fixture;LEV10045;STANDA;3,65;1;$3,65 
9479;MTR01001;Motor 6-5/8 Shaft;JB1C080T;ESSEXB;60,15;1;$60,15 
9479;ELS01209;Switch 2P1T;SLA3X100C7;WESGAR;4,18;7;$29,26 
9479;ELF02958;"Strain Relief for 3/4"" Cord";SR75-625;CLS;5,61;1;$5,61 
9479;CTL03403;High Temperature Failsafe;40T-10;DWYER;35;1;$35,00 
9479;REL02832;Off Delay Timer;TGML11000A1;AIROTRONIC;16,29;1;$16,29 
9479;HUM01542;Steam Generator;;BMA;0;1;$0,00 
9479;FSE03186;Glass Fuse .75A;27F655;NEWARK;0,225;2;$0,45 
9479;FCL01912;Evaporator 1/3 HP, 8 X 11;7009;HEATCR;28,94;1;$28,94 
9479;REL03256;Relay, Crydom;EZ240A18;HBCCON;17,43;4;$69,72 
9479;WRH03295;Wire Harness J21-8;;BAYWIR;7,34;1;$7,34 
9479;WRH03281;Wire Harness J23-8;;BAYWIR;25,52;1;$25,52 
9479;WRH03284;Wire Harness J25-4;;BAYWIR;2,89;1;$2,89 
9479;CIB03247;Circuit Breaker 5 Amp, 250 VAC;MX41-050-B-1-R-1-B;TRIMAX;2,3;2;$4,60 
9479;ELW02009;Line Cord, 30A 220V;026-0300;UNICABLE;15,83;1;$15,83 
9479;CIB03250;Circuit Breaker 8 Amp, 250 VAC;MX41-080-B-1-A-4-B;TRIMAX;2,3;3;$6,90 
9479;CIB03158;Circuit Breaker 25A 125/250VAC;MX12250A1A1D1B;TRIMAX;2,8;2;$5,60 
9479;PRB01599;"2"" Port Plug";;;1,03;1;$1,03 
9479;TXV02233;"Valve, Expansion 3X4 ODF 30""";EBFSE-AA-ZP;SPORLA;36,51;1;$36,51 
9479;DRY01739;Filter Drier;C-052-S;SPORLA;6,73;1;$6,73 
9479;CIB03248;Circuit Breaker 15 Amp, 250VAC;MX41-150-B-1-G-2-B;TRIMAX;2,3;4;$9,20 
9479;CTL02519;Controller - Two Channel;F4DH-KKKK-01AC;WATLOW;704,48;1;$704,48 
9479;HTR01245;Ceramic Heater - 1000W 240V;;SUMMIT;13,85;2;$27,70 
9479;HTR01247;Heater, Humidity 600W 240V;L4A44-BG12;WATLOW;47,43;1;$47,43 
9479;CTL02434;Sensor, Humidity 4-20mA;H290;ROTRON;300;1;$300,00 
9479;DRY02646;Dessicant Dryer;DAS2;;967,2;1;$967,20 
9479;HUM01534;Ion Exchange Cartridge;3C0600003 ;USFILT;43,05;1;$43,05 
9479;HUM01562;Demineralizer Bracket ;3C120004 Bracket;USFILT;66,64;1;$66,64 
9479;CAP03999;Strainer;054443-01;SPORLA;2,75;1;$2,75 
9479;VAL03906;"Access Valve, 1/4""";A31004;BELLSI;1,805;2;$3,61 
9479;CMP02550;Compressor;RS97C1E-CAV-201;COPELA;423,41;1;$423,41 
9479;VAL01708;"Solenoid Valve, 1/4""";1A575;GRAING;30,59;1;$30,59 
9479;PRB01582;"Port Sleeve, 1/2""";;PAMPCO;3,88;2;$7,76 
9479;ELS01230;Amber Cap;12-1W3;WESGAR;0,86;5;$4,30 
9479;WRH03275;Wire Harness J17-8;;BAYWIR;3,02;1;$3,02 
9480;PRB01620;"1/2"" Port Collar";C1031SS-014-27 Tinnerman;BMA;0,02;2;$0,04 
9480;ELD03286;Quencharc Resistor, Paktron;104-M-06-QC-220;FUTURE;1,3;3;$3,90 
9480;FSE01317;Fuse 30A TD 250V;FLNR-30;FIRSTE;2,57;2;$5,14 
9480;ELS01228;Clear Cap;12-1W2;WESGAR;0,86;1;$0,86 
9480;FSE01268;Fuse Block, 2P 30A 250V;LH25030-2S;FIRSTE;3,33;4;$13,32 
9480;MTR01001;Motor 6-5/8 Shaft;JB1C080T;ESSEXB;60,15;2;$120,30 
9480;VAL03810;"Nipple, 1/4"" X 2""L, LN-2";0464327;FASTEN;0;1;$0,00 
9480;CTL03122;100 OHM Platinum 3 Wire Sensor;SEN 40612;RUSSEL;68,4;2;$136,80 
9480;FSE02604;Fuse 1A Glass;312-001H;FIRSTE;0,22;1;$0,22 
9480;FSE02605;Fuse Holder - Inline;46F3290;NEWARK;1,52;1;$1,52 
9480;ELS01209;Switch 2P1T;SLA3X100C7;WESGAR;4,18;3;$12,54 
9480;ELS01230;Amber Cap;12-1W3;WESGAR;0,86;2;$1,72 
9480;PRB01582;"Port Sleeve, 1/2""";;PAMPCO;3,88;2;$7,76 
9480;TRS02373;Transformer, 24 VA;50362;MARS;10,54;1;$10,54 
9480;HDW04036;Toggle Clamp;5128A22;MCMAST;12,96;1;$12,96 
9480;HDW04037;"Hinges, 304 SS, 11/16"" W Door";1549A61;MCMAST;5,52;2;$11,04 
9480;TRS01453;Transformer, 500VA 208V;PT500MGJ;CONTRO;76,18;1;$76,18 
9480;VAL02996;"Pipe Nipple, SS 1/8"" X 2"" L";0464326;FASTEN;1,82;1;$1,82 
9480;HTR03986;1300W 208V Ceramic Heaters;;SUMMIT;14,5;4;$58,00 
9480;VAL02064;Valve, LN-2 120V;8263G209LT;USCO;178,92;2;$357,84 
9480;ELF02958;"Strain Relief for 3/4"" Cord";TB2534;STANDA;5,61;1;$5,61 
9480;ELW02009;Line Cord, 30A 220V;WS-120  3013.096 ;QUAIL;15,83;1;$15,83 
9480;TRS02373;Transformer, 24 VA;50362;MARS;10,54;1;$10,54 
9480;REL01397;Relay 2P2T;JQX-13FD AC 110V;DISCON;2,5;1;$2,50 
9480;VAL02065;Orifice, LN-2;;;0;1;$0,00 
9480;FSE01351;Fuse, 3.5A TD 250V ;FLNR-3.5;FIRSTE;3,56;2;$7,12 
9480;HDW01129;Door Latch - Large;VHC250-35SCE;NIELSE;25,7;4;$102,80 
9480;HDW01141;Door Strike - Large;HS250-39SCE;NIELSE;3,64;4;$14,56 
9480;ELD03179;Miniblock, Terminal Board;029951722;MERRIM;1,7;8;$13,60 
9480;ELD03182;Miniblock End Cap Section;019943920;MERRIM;0,67;4;$2,68 
9480;PRB03760;"Port Weld Ring, 2""";Stock item Drawing Number:  ;BMA;0;2;$0,00 
9480;REL03943;MOV For Solid State Relay;VZ14D82KBS-T;HBCCON;0,85;4;$3,40 
9480;REL03944;Blisterpak for Solid State ;101-04GB-D6;D6INDU;0,89;2;$1,78 
9480;PRB01621;"7/8"" Port Collar";C13272-017-24 Tinnerman;BMA;0,04;4;$0,16 
9480;PRB01583;"Port Sleeve, 7/8""";;PAMPCO;4,44;4;$17,76 
9480;PRB01598;"Port Sleeve 2"" OD ";;PAMPCO;1,42;2;$2,84 
9480;FBW01022;"Fan Blade, 6-1/2"" SS ";6 1/2 RHB .250-O4 P-19;PMMOTO;26,5;2;$53,00 
9480;FSE01281;Fuse, 30A OT 250V;82215;MARS;1,33;2;$2,66 
9480;FSE01311;Fuse, 5A, TD, 250V;FLNR-5;FIRSTE;3;1;$3,00 
9480;FSE01284;Fuse 1A Form 101;A25X1-1;FIRSTE;12,22;1;$12,22 
9480;ELE01673;Female Connector, 9 Pin;DB-9S;;0,62;1;$0,62 
9480;ELE03982;DB-15 Female Connector;;;0,9;1;$0,90 
9480;ELE03212;Ethernet Connectors;E45V3-8FFR-M25;OEMSUP;17,5;1;$17,50 
9480;REL02382;Solid State Relay 1P1T;HBC-093;HINGHA;16,76;4;$67,04 
9480;GSK01157;"3/8"" X 1"" Grey Silicone Sponge";TE41;ATLRUB;1,09;8;$8,72 
9480;FSE03177;Heat Fuse, High Temp.;WVA;;27,59;4;$110,36 
9480;CTL03979;Control Module RMC1ZRZ5LACAAAA;;WATLOW;430,4;1;$430,40 
9480;CTL03980;Serial Interface Module;RMAA-A3AB-AAAA;WATLOW;266,4;1;$266,40 
9480;PRB04026;#11 Silicone Stoppers;S-06298-20;COLEPA;15,7;2;$31,40 
9480;REL01408;Contactor 2P 30A 120V Coil;3100-20T6999;WESGAR;7,73;1;$7,73 
